user_id,path
user_1001,"Email → Email → Google → Google → Google → Google → Google"
user_1002,"Social Media → Social Media → Social Media → Social Media → Social Media → Email → Email"
user_1005,"Email → Email → Email → Email → Email → Google → Google → Google → Google → Google"
user_1007,"Email → Email → Email → Email → Email → Social Media → Social Media → Google → Google → Google"
user_1008,"Email → Email → Social Media → Social Media → Social Media → Social Media → Social Media → Social Media → Google → Google → Google → Google → Google → Google → Google → Google → Google → Direct"
user_1010,"Social Media → Social Media → Social Media → Social Media → Social Media → Social Media → Social Media → Social Media"
user_1014,"Social Media → Social Media → Social Media → Social Media → Social Media"
user_1015,"Email → Email → Email → Google → Google → Google → Google → Google"
user_1017,"Email → Email → Social Media → Social Media → Social Media → Social Media → Social Media → Email → Email"
user_1019,"Direct → Direct → Email → Email → Google → Google → Google → Google → Google"
user_1020,"Email → Email → Direct → Direct → Email → Email → Email → Email → Email → Social Media → Social Media → Social Media → Social Media → Social Media → Social Media → Social Media → Google → Google"
user_1021,"Email → Email → Email → Email → Email → Google → Google"
user_1025,"Direct → Direct → Direct → Direct → Direct → Google → Google → Google → Email → Email → Email → Email → Email → Google → Google → Google → Google → Google"
user_1026,"Google → Google → Google → Google → Google → Direct → Direct"
user_1027,"Social Media → Social Media → Social Media → Social Media → Social Media → Social Media → Direct → Direct"
user_1028,"Google → Google → Google → Google → Google → Social Media → Social Media"
user_1032,"Social Media → Social Media → Social Media → Social Media → Social Media → Social Media → Social Media → Social Media → Social Media → Social Media → Social Media → Google → Google → Google → Google"
user_1033,"Email → Email → Email → Email → Email → Social Media → Social Media → Social Media → Social Media → Social Media → Google → Google"
user_1037,"Direct → Direct → Direct → Direct → Direct"
user_1038,"Direct → Direct → Direct → Direct → Direct → Email → Email → Social Media → Social Media → Social Media → Social Media"
user_1040,"Google → Google → Google → Google → Google → Google → Google"
user_1041,"Email → Email → Direct → Direct → Direct → Social Media → Social Media → Social Media → Social Media → Social Media → Google → Google → Direct → Direct → Social Media → Social Media → Social Media → Social Media → Social Media"
user_1042,"Email → Email → Email → Email → Google → Google → Google → Google → Google → Social Media → Social Media → Direct → Direct"
user_1045,"Email → Social Media → Social Media → Social Media → Social Media → Social Media → Google → Google"
user_1048,"Email → Email → Email → Email → Email → Email → Email"
user_1049,"Direct → Direct → Direct → Direct → Direct → Google → Google"
user_1051,"Social Media → Social Media → Social Media → Social Media → Social Media → Direct → Direct → Direct → Direct → Direct"
user_1053,"Direct → Direct → Direct → Direct → Direct → Direct → Social Media → Social Media → Social Media → Social Media → Social Media"
user_1055,"Direct → Direct → Direct → Direct → Email → Email → Email → Email → Email → Direct → Direct → Direct → Google → Google → Google → Google → Google"
user_1057,"Social Media → Social Media → Social Media → Social Media → Social Media → Google → Social Media → Social Media → Direct → Direct → Direct"
user_1058,"Direct → Direct → Direct → Email → Email → Direct → Direct → Google → Google → Google → Google → Google → Google"
user_1060,"Direct → Direct → Direct → Social Media → Social Media → Social Media → Social Media → Social Media → Google → Google → Google → Google → Google → Social Media"
user_1062,"Email → Email → Email → Email → Email → Google → Google → Google → Google → Google"
user_1069,"Social Media → Social Media → Social Media → Social Media → Social Media → Direct → Direct → Direct → Direct → Direct"
user_1070,"Social Media → Social Media → Social Media → Social Media → Social Media → Email → Email"
user_1071,"Direct → Direct → Direct → Direct → Social Media → Social Media → Social Media → Social Media → Social Media"
user_1073,"Direct → Social Media → Social Media → Social Media → Social Media → Social Media → Direct → Direct → Email → Email → Email → Email → Email → Google → Google → Google → Google → Google"
user_1074,"Email → Social Media → Social Media → Social Media → Social Media → Social Media → Email → Email → Social Media → Social Media → Social Media → Social Media → Social Media"
user_1075,"Google → Google → Google → Google → Google → Google → Google"
user_1078,"Email → Direct → Direct → Direct → Direct → Direct → Direct → Direct → Direct → Direct → Email → Email → Email → Email"
user_1084,"Social Media → Social Media → Social Media → Google → Google → Google → Google → Google → Google → Google"
user_1086,"Social Media → Email → Email → Email → Email → Email → Email → Email → Email → Email → Email → Email → Email"
user_1088,"Email → Email → Email → Email → Email → Social Media → Social Media → Direct"
user_1092,"Social Media → Social Media → Social Media → Social Media → Social Media → Direct → Direct → Social Media → Social Media"
user_1093,"Email → Email → Email → Email → Email → Social Media → Social Media → Email → Email → Email → Email → Email"
user_1098,"Google → Google → Google → Google → Google → Email"
user_1102,"Google → Google → Google → Google → Google → Social Media → Social Media → Social Media → Social Media → Social Media → Google → Google → Google"
user_1105,"Direct → Email → Email → Email → Email → Email → Email → Email → Email → Email"
user_1106,"Social Media → Social Media → Social Media → Social Media → Social Media → Email → Email → Email → Email"
user_1107,"Direct → Direct → Direct → Direct → Direct → Social Media → Social Media"
user_1109,"Social Media → Social Media → Social Media → Social Media → Social Media → Email → Email → Email"
user_1110,"Social Media → Social Media → Social Media → Social Media → Social Media"
user_1112,"Google → Google → Google → Google → Google"
user_1116,"Direct → Direct → Direct → Direct → Direct → Direct → Google → Google → Google → Google → Google → Email → Google → Google"
user_1118,"Email → Email → Email → Social Media → Google → Social Media → Social Media → Social Media → Social Media → Social Media"
user_1120,"Email → Email → Google → Google → Google → Google → Google"
user_1123,"Google → Google → Social Media → Social Media → Social Media → Social Media → Social Media → Email → Email"
user_1127,"Google → Google → Google → Google → Google → Email → Email → Email → Email → Social Media → Social Media → Social Media"
user_1129,"Social Media → Social Media → Social Media → Social Media → Social Media → Direct → Direct → Direct → Direct → Direct → Email → Email → Email → Email → Email → Email → Social Media → Social Media → Social Media → Social Media → Social Media"
user_1131,"Google → Google → Email → Email → Email → Direct → Direct → Direct → Direct → Direct → Email → Email → Email"
user_1135,"Email → Direct → Direct → Google → Google → Email → Email → Google → Google → Google → Google → Google → Email → Google → Google → Social Media → Social Media → Social Media → Social Media → Social Media"
user_1137,"Social Media → Social Media → Social Media → Social Media → Social Media → Social Media → Social Media → Google → Google → Google"
user_1138,"Email → Email → Email → Email → Email → Email → Email → Email → Email → Email → Email → Email"
user_1140,"Social Media → Social Media → Social Media → Social Media → Social Media → Google → Google → Google"
user_1141,"Email → Email → Email → Email → Email → Email → Email → Social Media"
user_1142,"Direct → Direct → Direct → Direct → Direct → Google → Social Media → Social Media → Social Media → Social Media → Social Media"
user_1146,"Social Media → Social Media → Social Media → Social Media → Social Media"
user_1154,"Social Media → Google → Google → Google → Google → Google → Direct → Direct → Direct → Direct → Direct"
user_1156,"Social Media → Social Media → Social Media → Social Media → Social Media"
user_1159,"Social Media → Social Media → Social Media → Social Media → Social Media → Social Media"
user_1161,"Social Media → Social Media → Social Media → Social Media → Social Media → Social Media → Social Media → Social Media → Google → Google → Google → Google → Google → Email → Direct → Direct → Google"
user_1162,"Social Media → Social Media → Social Media → Social Media → Social Media"
user_1167,"Email → Email → Social Media → Direct → Direct → Direct → Direct → Direct"
user_1175,"Email → Email → Email → Email → Email"
user_1178,"Email → Email → Social Media → Social Media → Google → Google → Google → Google → Google"
user_1180,"Email → Email → Email → Google → Google → Google → Google → Google"
user_1185,"Google → Google → Google → Google → Google → Google → Google → Google → Social Media → Social Media → Social Media → Social Media → Social Media → Google → Google"
user_1188,"Direct → Direct → Social Media → Social Media → Social Media → Social Media → Direct → Direct → Direct → Direct → Direct"
user_1189,"Social Media → Social Media → Google → Google → Google → Google → Google"
user_1193,"Google → Google → Google → Google → Google"
user_1194,"Google → Google → Google → Google → Google"
user_1196,"Email → Email → Social Media → Social Media → Social Media → Social Media → Social Media → Social Media → Google → Google → Google → Google → Google"
user_1200,"Email → Email → Google → Google → Direct → Direct → Direct → Direct → Direct → Direct → Direct → Direct → Direct → Social Media"
user_1203,"Google → Google → Google → Google → Google → Social Media → Social Media → Email → Email → Email → Email → Email → Direct → Direct"
user_1210,"Email → Email → Email → Email → Email → Google → Google → Google"
user_1212,"Email → Email → Email → Email → Email"
user_1213,"Direct → Direct → Social Media → Google → Google → Google → Google → Google → Direct → Direct"
user_1215,"Direct → Direct → Direct → Direct → Direct → Direct → Google"
user_1217,"Email → Email → Email → Email → Email"
user_1220,"Direct → Social Media → Social Media → Social Media → Social Media → Social Media → Email"
user_1222,"Social Media → Social Media → Google → Google → Google → Google → Google"
user_1224,"Social Media → Email → Email → Email → Social Media → Direct → Direct → Direct → Direct → Direct"
user_1225,"Direct → Direct → Direct → Direct → Direct → Social Media → Social Media → Social Media → Social Media → Social Media → Google → Direct → Direct → Direct"
user_1226,"Email → Social Media → Social Media → Direct → Direct → Direct → Direct → Direct → Direct → Direct → Direct"
user_1227,"Email → Email → Email → Email → Social Media → Social Media → Social Media → Social Media → Social Media → Direct → Direct → Direct → Direct → Direct → Social Media"
user_1230,"Google → Email → Email → Email → Email → Email → Email → Email"
user_1231,"Direct → Direct → Direct → Direct → Direct"
user_1232,"Google → Google → Google → Google → Google → Google → Google → Google → Google → Google → Google → Google → Google"
user_1234,"Email → Email → Email → Email → Email → Email → Email → Direct → Direct"
user_1235,"Google → Google → Google → Google → Google → Direct → Direct → Direct → Email → Email → Email → Email → Email → Social Media → Direct → Direct → Direct → Direct → Direct → Email → Email → Google → Google → Google"
user_1236,"Social Media → Social Media → Social Media → Social Media → Social Media"
user_1239,"Email → Social Media → Direct → Direct → Direct → Direct → Direct"
user_1240,"Google → Google → Google → Direct → Direct → Direct → Direct → Direct → Google → Google → Google → Google → Google"
user_1246,"Social Media → Social Media → Email → Email → Email → Email → Email → Social Media → Social Media → Social Media → Social Media → Social Media → Social Media → Social Media"
user_1251,"Google → Google → Google → Google → Google"
user_1252,"Email → Email → Email → Email → Email → Email → Email → Google → Google"
user_1255,"Direct → Direct → Email → Email → Google → Google → Google → Google → Google → Direct → Google → Google"
user_1258,"Email → Email → Email → Email → Email → Email → Email → Social Media → Social Media → Social Media → Social Media → Social Media"
user_1259,"Social Media → Social Media → Social Media → Social Media → Social Media"
user_1263,"Direct → Direct → Social Media → Social Media → Email → Email → Email → Email → Email → Social Media → Social Media"
user_1264,"Email → Email → Email → Email → Email → Email → Google → Google"
user_1266,"Direct → Social Media → Social Media → Social Media → Social Media → Social Media → Direct → Direct → Direct → Direct → Direct"
user_1270,"Direct → Social Media → Social Media → Google → Google → Google → Google → Google"
user_1273,"Email → Email → Email → Email → Email → Google → Google → Google → Google → Google → Google"
user_1274,"Direct → Direct → Google → Social Media → Social Media → Email → Google → Google → Google → Google → Google"
user_1276,"Direct → Email → Email → Email → Email → Email → Social Media → Social Media → Social Media → Social Media → Social Media → Email → Email → Email → Social Media → Social Media"
user_1277,"Social Media → Social Media → Social Media → Social Media → Social Media"
user_1280,"Email → Email → Email → Email → Email → Direct → Google → Google"
user_1281,"Email → Email → Email → Email → Email"
user_1285,"Direct → Direct → Direct → Direct → Google → Google → Google → Google → Social Media → Social Media → Direct → Direct → Direct → Direct → Direct → Social Media → Social Media"
user_1293,"Email → Email → Email → Email → Email → Email → Email → Email"
user_1295,"Email → Email → Google → Google → Email → Email → Email → Email → Email → Email → Email → Email → Email → Email → Google → Google → Direct → Direct → Direct → Direct → Direct"
user_1297,"Direct → Direct → Direct → Direct → Email → Email → Direct → Direct → Direct → Direct → Direct → Direct"
user_1300,"Direct → Direct → Direct → Direct → Direct"
user_1302,"Direct → Direct → Direct → Direct → Direct → Direct → Direct"
user_1303,"Social Media → Social Media → Social Media → Social Media → Social Media → Social Media"
user_1304,"Social Media → Social Media → Social Media → Social Media → Social Media → Google"
user_1305,"Direct → Direct → Direct → Email → Email → Email → Email → Email"
user_1306,"Direct → Direct → Direct → Direct → Direct → Google → Google"
user_1315,"Email → Email → Google → Google → Google → Google → Google → Email"
user_1318,"Email → Email → Social Media → Social Media → Social Media → Social Media → Social Media → Google → Google → Direct"
user_1323,"Email → Email → Email → Email → Email → Direct → Direct → Direct → Direct → Direct → Google → Google"
user_1324,"Email → Email → Email → Email → Email → Email → Email"
user_1328,"Social Media → Social Media → Social Media → Social Media → Email → Social Media → Social Media → Social Media → Social Media → Social Media → Email → Email → Email"
user_1329,"Direct → Direct → Direct → Direct → Direct"
user_1337,"Google → Google → Google → Google → Google → Google → Google → Google → Google → Google → Email → Email"
user_1341,"Email → Email → Email → Email → Email → Email → Email → Email → Email → Email → Direct → Direct → Direct → Direct → Direct → Social Media → Social Media → Email → Email"
user_1342,"Social Media → Social Media → Social Media → Social Media → Social Media → Social Media → Direct → Direct → Direct"
user_1347,"Social Media → Social Media → Google → Google → Social Media → Social Media → Social Media → Social Media → Social Media → Social Media → Social Media → Social Media"
user_1348,"Direct → Direct → Direct → Direct → Direct → Email → Google"
user_1349,"Google → Google → Google → Google → Google → Email → Google"
user_1351,"Social Media → Social Media → Social Media → Social Media → Social Media → Email → Email → Email → Email → Email → Email → Email → Direct"
user_1354,"Google → Google → Google → Google → Google → Email → Email → Email → Email"
user_1355,"Social Media → Social Media → Social Media → Social Media → Social Media → Direct → Direct"
user_1362,"Direct → Direct → Direct → Google → Google → Direct → Direct → Direct → Direct → Direct → Email → Email → Email → Email → Email → Email → Email → Google → Email → Email"
user_1363,"Social Media → Social Media → Direct → Direct → Google → Google → Google → Google → Google"
user_1366,"Google → Google → Google → Google → Google → Google → Google → Google → Social Media → Social Media → Direct → Direct"
user_1369,"Google → Google → Social Media → Social Media → Social Media → Social Media → Social Media"
user_1372,"Email → Email → Google → Google → Google → Google → Google"
user_1373,"Email → Email → Direct → Direct → Direct → Direct → Direct → Email → Email → Email → Email → Email"
user_1376,"Email → Email → Email → Email → Email → Email → Email → Direct → Direct → Direct → Direct → Direct"
user_1377,"Direct → Direct → Direct → Direct → Direct → Direct → Email → Email → Email → Email → Email"
user_1378,"Direct → Direct → Direct → Direct → Direct → Direct → Direct → Direct → Direct → Direct → Direct → Direct"
user_1379,"Google → Google → Email → Email → Email → Email → Email → Google → Google → Social Media → Social Media"
user_1380,"Google → Google → Google → Email → Email → Email → Email → Email → Direct → Direct"
user_1382,"Direct → Direct → Direct → Direct → Direct → Direct"
user_1383,"Social Media → Social Media → Social Media → Social Media → Social Media → Direct → Direct → Direct → Direct → Direct"
user_1387,"Direct → Direct → Email → Email → Email → Email → Email → Email → Email → Email → Email → Email → Email → Email → Google → Google → Google → Email → Email → Email → Email → Email"
user_1389,"Social Media → Social Media → Social Media → Social Media → Social Media → Direct → Direct → Direct → Direct → Direct"
user_1393,"Google → Google → Google → Email → Email → Email → Social Media → Email → Email → Email → Email → Email"
user_1394,"Direct → Direct → Google → Google → Direct → Direct → Direct → Direct → Direct → Direct → Direct → Direct → Direct"
user_1397,"Direct → Direct → Direct → Email → Email → Email → Email → Email"
user_1399,"Social Media → Social Media → Social Media → Social Media → Social Media"
user_1400,"Google → Google → Social Media → Social Media → Social Media → Email → Email → Email → Email → Email → Direct"
user_1401,"Google → Google → Google → Google → Google → Direct → Social Media → Social Media"
user_1404,"Direct → Direct → Direct → Direct → Direct → Social Media → Social Media → Social Media → Google → Google → Google → Google → Google"
user_1406,"Google → Google → Google → Google → Google → Google → Google → Direct → Email → Social Media → Social Media"
user_1407,"Email → Social Media → Email → Email → Email → Email → Email → Social Media → Google → Google"
user_1409,"Google → Google → Google → Google → Google → Email → Email"
user_1410,"Email → Direct → Direct → Direct → Direct → Direct → Direct → Direct → Social Media → Social Media"
user_1413,"Social Media → Social Media → Social Media → Social Media → Social Media → Social Media → Social Media → Social Media → Social Media → Email → Email"
user_1415,"Direct → Direct → Direct → Email → Email → Email → Email → Email"
user_1416,"Social Media → Social Media → Social Media → Social Media → Social Media → Social Media"
user_1417,"Google → Google → Google → Social Media → Social Media → Social Media → Social Media → Social Media"
user_1420,"Email → Email → Email → Google → Google → Social Media → Social Media → Social Media → Social Media → Social Media"
user_1422,"Google → Google → Direct → Direct → Email → Email → Direct → Direct → Direct → Direct → Direct"
user_1439,"Email → Email → Email → Email → Email → Google → Google → Google → Google → Google"
user_1440,"Email → Email → Email → Direct → Direct → Direct → Direct → Direct → Direct → Social Media → Social Media → Social Media"
user_1442,"Direct → Direct → Email → Email → Email → Email → Email → Email → Email → Email → Email → Email → Social Media → Social Media"
user_1443,"Google → Google → Google → Direct → Direct → Direct → Direct → Direct → Google"
user_1447,"Email → Email → Email → Email → Email → Direct → Direct → Direct"
user_1449,"Email → Email → Email → Email → Email → Email → Email"
user_1451,"Direct → Direct → Google → Google → Google → Google → Google"
user_1453,"Email → Email → Email → Direct → Direct → Direct → Direct → Direct → Google → Google → Google → Social Media → Google → Google"
user_1454,"Email → Email → Google → Google → Google → Google → Google → Direct"
user_1458,"Direct → Direct → Direct → Direct → Direct → Email → Direct → Direct → Direct → Direct → Direct → Social Media → Social Media → Social Media → Social Media"
user_1465,"Direct → Direct → Direct → Direct → Direct → Google → Email"
user_1466,"Email → Email → Email → Email → Email → Email"
user_1470,"Google → Google → Google → Google → Google → Direct → Direct → Social Media"
user_1472,"Social Media → Social Media → Social Media → Social Media → Social Media → Google → Google → Social Media → Social Media → Google → Google"
user_1474,"Direct → Direct → Google → Google → Google → Google → Google"
user_1477,"Social Media → Social Media → Social Media → Social Media → Social Media"
user_1479,"Email → Email → Email → Email → Email → Direct → Direct → Google → Google → Email → Email → Email → Email → Email"
user_1482,"Social Media → Social Media → Social Media → Social Media → Social Media → Google"
user_1483,"Google → Google → Google → Google → Google"
user_1484,"Social Media → Social Media → Social Media → Social Media → Social Media"
user_1485,"Email → Email → Email → Email → Email → Direct → Direct → Direct → Direct → Direct"
user_1487,"Direct → Direct → Direct → Direct → Direct → Email → Social Media → Social Media → Google → Social Media → Social Media"
user_1494,"Google → Google → Google → Google → Google"
user_1498,"Direct → Direct → Google → Google → Google → Google → Google → Email → Email → Email → Email"
user_1502,"Email → Email → Email → Email → Email → Social Media → Social Media → Social Media → Social Media → Social Media"
user_1503,"Direct → Direct → Email → Email → Google → Google → Google → Google → Google → Email → Email"
user_1504,"Direct → Direct → Direct → Direct → Direct → Direct → Direct → Direct"
user_1508,"Direct → Direct → Google → Google → Google → Google → Google → Email"
user_1511,"Email → Email → Email → Email → Email → Email → Direct → Direct → Direct → Direct → Email → Email → Email → Email → Email"
user_1512,"Google → Direct → Direct → Google → Google → Google → Google → Direct → Direct → Direct → Direct → Direct"
user_1514,"Google → Social Media → Social Media → Direct → Direct → Direct → Direct → Direct → Social Media → Social Media → Social Media"
user_1519,"Social Media → Social Media → Direct → Direct → Direct → Direct → Direct → Email → Email → Email → Email → Email → Google → Google → Google → Google → Google → Google → Google → Direct"
user_1523,"Email → Email → Email → Email → Email → Social Media → Email → Email → Email → Email"
user_1524,"Email → Email → Google → Google → Google → Google → Google → Google → Google"
user_1525,"Direct → Direct → Google → Google → Direct → Direct → Direct → Direct → Direct → Direct → Direct → Direct → Direct → Direct → Social Media → Social Media → Email → Email"
user_1527,"Email → Email → Email → Google → Google → Google → Google → Google"
user_1529,"Social Media → Social Media → Social Media → Social Media → Social Media → Direct → Direct → Direct"
user_1531,"Social Media → Social Media → Social Media → Social Media → Social Media"
user_1534,"Social Media → Social Media → Social Media → Social Media → Social Media"
user_1537,"Social Media → Social Media → Social Media → Social Media → Social Media"
user_1540,"Direct → Direct → Direct → Direct → Direct"
user_1542,"Google → Google → Google → Google → Google → Google"
user_1543,"Email → Email → Email → Email → Email → Email → Email → Email → Email → Email"
user_1544,"Direct → Direct → Email → Email → Email → Email → Email → Social Media → Social Media → Social Media → Social Media"
user_1546,"Social Media → Social Media → Google → Google → Google → Google → Google"
user_1547,"Social Media → Social Media → Direct → Direct → Direct → Direct → Direct"
user_1551,"Email → Direct → Direct → Direct → Direct → Direct → Direct → Email → Email → Email → Email → Email → Email → Email"
user_1552,"Social Media → Email → Email → Email → Social Media → Direct → Direct → Direct → Direct → Direct"
user_1554,"Direct → Direct → Direct → Direct → Direct → Direct"
user_1559,"Social Media → Social Media → Email → Email → Email → Email → Email"
user_1563,"Social Media → Google → Direct → Direct → Direct → Direct → Direct → Google → Google → Google → Google → Social Media → Social Media → Direct"
user_1565,"Social Media → Social Media → Direct → Direct → Direct → Direct → Direct"
user_1566,"Email → Direct → Direct → Google → Google → Google → Google → Google → Social Media"
user_1567,"Google → Google → Google → Google → Google → Email → Email"
user_1569,"Google → Direct → Direct → Direct → Google → Google → Google → Direct → Email → Email → Email → Email → Email → Direct → Direct → Social Media → Social Media → Social Media"
user_1570,"Social Media → Social Media → Social Media → Social Media → Social Media → Direct → Direct"
user_1571,"Social Media → Social Media → Direct → Google → Google → Google → Google → Google → Google"
user_1572,"Email → Email → Email → Email → Email → Email → Email → Email"
user_1576,"Social Media → Social Media → Social Media → Social Media → Social Media → Social Media → Google → Google"
user_1580,"Direct → Direct → Direct → Direct → Direct → Direct → Direct → Social Media → Social Media → Google → Google → Google → Google → Google → Direct → Direct → Social Media"
user_1581,"Email → Email → Direct → Direct → Direct → Direct → Direct → Direct → Direct"
user_1582,"Google → Google → Google → Google → Google → Google → Google → Google → Google → Google"
user_1584,"Email → Email → Email → Email → Email → Direct → Direct → Social Media → Social Media → Social Media → Social Media → Social Media → Social Media → Social Media"
user_1585,"Email → Email → Email → Google → Google → Google → Google → Google → Social Media → Social Media → Social Media → Social Media → Social Media"
user_1590,"Direct → Direct → Direct → Direct → Direct"
user_1593,"Email → Email → Email → Email → Email → Direct → Direct → Direct → Direct → Direct"
user_1595,"Email → Email → Email → Email → Email → Google → Google → Email → Email → Social Media → Social Media → Social Media → Social Media → Social Media → Social Media → Social Media → Direct → Direct → Direct"
user_1598,"Direct → Direct → Direct → Direct → Direct → Email → Email"
user_1600,"Direct → Email → Email → Email → Email → Email → Direct"
user_1601,"Direct → Direct → Direct → Direct → Direct"
user_1605,"Email → Email → Email → Email → Email → Email → Email → Email → Email"
user_1606,"Email → Email → Direct → Direct → Direct → Direct → Direct → Direct → Direct → Direct → Direct → Direct → Direct → Direct"
user_1609,"Email → Email → Email → Social Media → Social Media → Social Media → Social Media → Social Media → Google → Google → Direct → Direct"
user_1611,"Direct → Direct → Direct → Direct → Direct → Direct → Social Media → Social Media → Direct → Direct → Google → Google → Google → Google → Google → Google → Google → Social Media → Social Media → Email"
user_1615,"Google → Google → Email → Email → Social Media → Social Media → Social Media → Social Media → Social Media"
user_1617,"Email → Email → Email → Email → Email → Direct → Direct → Google → Google → Google → Google → Google"
user_1620,"Direct → Direct → Direct → Direct → Direct → Social Media → Social Media → Social Media → Social Media → Social Media → Social Media → Social Media → Direct"
user_1621,"Social Media → Social Media → Email → Email → Email → Email → Email → Social Media → Social Media"
user_1622,"Google → Email → Email → Email → Email → Email → Direct → Direct → Direct → Direct → Direct"
user_1624,"Direct → Direct → Direct → Direct → Direct → Google → Google → Google → Google → Google → Google → Google → Social Media"
user_1625,"Direct → Direct → Email → Email → Email → Email → Email → Email → Google → Google"
user_1627,"Email → Direct → Direct → Direct → Direct → Direct → Social Media → Social Media → Direct → Direct → Direct → Direct → Social Media → Social Media"
user_1628,"Social Media → Social Media → Email → Email → Email → Email → Email"
user_1641,"Email → Email → Email → Email → Email"
user_1646,"Direct → Direct → Direct → Direct → Direct → Email → Email → Email → Email → Email → Email"
user_1647,"Google → Google → Social Media → Social Media → Social Media → Social Media → Social Media"
user_1653,"Social Media → Social Media → Social Media → Social Media → Email → Email → Direct → Direct → Direct → Direct → Direct"
user_1657,"Direct → Email → Email → Google → Google → Google → Google → Google"
user_1658,"Direct → Direct → Google → Google → Google → Google → Google → Google → Google"
user_1660,"Email → Email → Email → Google → Google → Google → Google → Google → Social Media → Social Media → Social Media → Social Media → Social Media"
user_1663,"Social Media → Social Media → Social Media → Social Media → Social Media → Social Media → Social Media"
user_1665,"Social Media → Social Media → Social Media → Social Media → Social Media → Google → Direct → Direct"
user_1666,"Google → Google → Email → Email → Email → Email → Email"
user_1668,"Email → Social Media → Social Media → Social Media → Social Media → Google → Google → Google → Google → Google"
user_1672,"Social Media → Social Media → Social Media → Social Media → Social Media"
user_1674,"Social Media → Social Media → Google → Google → Direct → Direct → Direct → Email → Email → Email → Email → Email"
user_1678,"Google → Google → Google → Google → Direct → Direct → Direct → Direct → Direct"
user_1680,"Social Media → Social Media → Google → Google → Direct → Email → Email → Google → Google → Google → Google → Google"
user_1681,"Google → Google → Email → Email → Social Media → Social Media → Social Media → Social Media → Social Media"
user_1682,"Social Media → Social Media → Direct → Direct → Direct → Direct → Direct"
user_1685,"Direct → Direct → Direct → Direct → Direct → Direct → Direct"
user_1688,"Direct → Email → Email → Email → Email → Email → Social Media"
user_1690,"Social Media → Social Media → Social Media → Social Media → Social Media → Social Media → Social Media → Google"
user_1691,"Social Media → Social Media → Social Media → Social Media → Social Media → Email → Email"
user_1692,"Social Media → Social Media → Social Media → Social Media → Social Media → Social Media → Social Media → Direct → Direct → Direct → Direct → Direct → Direct → Direct → Google → Google"
user_1694,"Social Media → Social Media → Social Media → Social Media → Social Media → Email → Email → Email → Direct → Direct"
user_1697,"Social Media → Social Media → Email → Email → Email → Email → Email → Direct"
user_1699,"Google → Google → Google → Google → Google → Social Media → Social Media → Social Media"
user_1702,"Google → Google → Google → Google → Google → Google → Google"
user_1703,"Direct → Direct → Direct → Direct → Direct → Email → Email"
user_1704,"Email → Email → Email → Email → Email → Email"
user_1705,"Social Media → Email → Email → Google → Google → Email → Direct → Direct → Direct → Direct → Direct"
user_1708,"Social Media → Social Media → Social Media → Social Media → Social Media → Google → Google → Social Media → Social Media → Social Media → Social Media"
user_1709,"Direct → Direct → Direct → Direct → Direct → Google → Google → Direct → Direct"
user_1713,"Google → Google → Google → Google → Google"
user_1714,"Google → Google → Google → Google → Google → Google → Google"
user_1717,"Direct → Direct → Direct → Direct → Direct"
user_1721,"Social Media → Social Media → Social Media → Social Media → Social Media → Email → Direct → Direct → Email"
user_1722,"Google → Google → Google → Google → Google → Google → Google → Google → Google → Google → Social Media → Social Media → Email → Email → Direct → Direct"
user_1723,"Google → Google → Google → Google → Google → Direct → Direct → Email → Email → Email → Social Media → Social Media → Social Media → Google → Google"
user_1724,"Google → Email → Email → Email → Email → Email"
user_1725,"Social Media → Social Media → Social Media → Social Media → Social Media"
user_1726,"Direct → Direct → Direct → Direct → Direct → Email → Email"
user_1730,"Google → Google → Google → Google → Google"
user_1731,"Google → Google → Google → Google → Google → Google → Google"
user_1733,"Direct → Direct → Social Media → Social Media → Email → Email → Email → Email → Email → Social Media → Social Media"
user_1736,"Social Media → Social Media → Social Media → Social Media → Social Media → Email → Email → Email → Social Media → Social Media → Social Media → Email → Email → Email → Email → Email"
user_1738,"Google → Google → Google → Google → Google → Google → Email"
user_1739,"Social Media → Social Media → Social Media → Social Media → Social Media → Google → Google → Google → Google → Google → Google → Google"
user_1740,"Google → Direct → Direct → Direct → Direct → Email → Email → Social Media → Social Media → Email → Email → Email → Email → Email → Email → Social Media → Social Media"
user_1743,"Direct → Direct → Direct → Direct → Direct → Direct → Direct → Direct → Direct → Direct → Google"
user_1748,"Email → Direct → Direct → Google → Google → Google → Google → Google"
user_1750,"Social Media → Social Media → Social Media → Social Media → Social Media → Social Media → Social Media → Social Media"
user_1753,"Email → Email → Email → Google → Direct → Direct → Direct → Direct → Direct"
user_1755,"Social Media → Email → Email → Email → Email → Email → Google"
user_1759,"Google → Google → Email → Email → Email → Email → Email → Google → Email"
user_1760,"Google → Direct → Direct → Direct → Direct → Direct → Email → Email → Google → Google → Google → Google → Google → Social Media → Social Media"
user_1761,"Email → Email → Email → Email → Email → Google → Google"
user_1769,"Social Media → Social Media → Social Media → Social Media → Social Media"
user_1770,"Social Media → Social Media → Social Media → Social Media → Social Media → Social Media → Social Media → Social Media → Social Media → Social Media → Direct → Social Media → Social Media"
user_1771,"Email → Email → Email → Email → Email → Email → Email → Email → Email → Google → Google → Google → Google → Social Media → Social Media → Social Media"
user_1772,"Direct → Direct → Direct → Direct → Google → Google → Google → Google → Google → Direct → Direct"
user_1774,"Direct → Direct → Email → Email → Social Media → Social Media → Google → Google → Google → Google → Google → Email → Google → Google → Google → Google → Google"
user_1778,"Social Media → Social Media → Social Media → Social Media → Social Media → Social Media → Social Media → Social Media → Social Media → Social Media → Email → Email → Google"
user_1780,"Direct → Direct → Direct → Direct → Direct → Direct → Direct"
user_1782,"Social Media → Social Media → Social Media → Social Media → Social Media → Google → Google → Email"
user_1785,"Google → Google → Google → Google → Google → Social Media → Social Media → Email → Email → Email → Email → Email"
user_1786,"Email → Email → Email → Email → Email → Email → Email"
user_1787,"Direct → Direct → Direct → Direct → Direct → Social Media → Social Media → Social Media"
user_1789,"Direct → Direct → Direct → Direct → Direct → Direct → Direct → Direct → Direct → Direct → Google → Google → Email"
user_1790,"Email → Email → Email → Email → Email → Email → Email → Email → Email → Email → Google → Google → Email → Email"
user_1792,"Email → Email → Email → Email → Email → Email → Email → Email → Email → Email"
user_1796,"Social Media → Social Media → Google → Google → Google → Email → Email → Email → Email → Email"
user_1797,"Email → Email → Email → Email → Email"
user_1798,"Direct → Direct → Direct → Direct → Direct → Google → Google → Social Media → Social Media"
user_1803,"Google → Google → Social Media → Social Media → Social Media → Social Media → Social Media → Direct → Direct"
user_1806,"Google → Social Media → Social Media → Social Media → Social Media → Social Media → Social Media → Social Media"
user_1807,"Direct → Direct → Direct → Google → Google → Email → Email → Email → Email → Email → Email → Email → Google → Google"
user_1808,"Direct → Direct → Direct → Direct → Direct → Google → Social Media → Social Media → Social Media → Social Media → Social Media"
user_1810,"Direct → Direct → Direct → Direct → Direct → Google → Google"
user_1812,"Google → Google → Google → Google → Google → Direct → Direct"
user_1814,"Social Media → Social Media → Direct → Email → Email → Email → Email → Email"
user_1823,"Google → Google → Social Media → Social Media → Email → Email → Email → Email → Email"
user_1826,"Google → Google → Google → Google → Google → Email → Email → Email → Direct → Direct"
user_1829,"Google → Google → Google → Google → Google → Social Media → Social Media"
user_1830,"Google → Google → Google → Social Media → Email → Email → Email → Email → Email"
user_1834,"Google → Google → Google → Google → Google → Direct → Direct → Direct → Direct → Direct → Google → Google → Google → Google → Google → Social Media → Social Media → Google → Google"
user_1835,"Social Media → Google → Google → Google → Google → Google → Direct → Direct → Direct → Google → Google → Google → Google → Google"
user_1841,"Direct → Direct → Direct → Direct → Direct"
user_1845,"Email → Email → Email → Email → Email → Direct → Direct → Social Media → Social Media → Social Media → Social Media → Social Media → Direct → Direct → Direct → Direct → Direct → Direct → Direct"
user_1848,"Google → Google → Google → Google → Google → Social Media → Social Media → Google → Social Media"
user_1849,"Social Media → Social Media → Social Media → Social Media → Social Media → Social Media → Google → Google → Email → Email → Email → Email → Email → Social Media → Social Media → Social Media → Social Media → Social Media"
user_1854,"Google → Google → Google → Google → Google"
user_1855,"Direct → Direct → Email → Social Media → Social Media → Social Media → Social Media → Social Media → Email"
user_1868,"Google → Google → Google → Google → Google → Email → Email → Email → Email → Email → Social Media → Social Media → Social Media → Social Media → Social Media"
user_1870,"Direct → Direct → Direct → Direct → Direct → Google → Google → Google → Google → Google"
user_1871,"Google → Google → Social Media → Social Media → Social Media → Social Media → Social Media"
user_1876,"Email → Email → Email → Email → Email → Email"
user_1877,"Direct → Direct → Direct → Direct → Direct → Social Media → Social Media"
user_1883,"Google → Email → Email → Email → Email → Email → Email → Email → Email → Social Media → Google → Google → Direct → Direct → Direct → Direct → Direct"
user_1884,"Email → Email → Email → Google → Email → Email → Direct → Direct → Google → Google → Google → Google → Google → Google → Google → Google → Google → Google → Google"
user_1885,"Email → Email → Email → Google → Google → Google → Google → Google → Google → Google → Google"
user_1886,"Google → Email → Email → Email → Email → Email"
user_1899,"Email → Email → Direct → Direct → Direct → Direct → Direct → Direct → Direct → Direct"
user_1902,"Google → Google → Google → Google → Google"
user_1903,"Email → Google → Google → Google → Google → Google → Email → Google → Google → Google"
user_1904,"Email → Email → Google → Google → Email → Social Media → Social Media → Google → Google → Google → Google → Google → Google → Google"
user_1906,"Social Media → Social Media → Email → Email → Email → Google → Google → Google → Google → Google → Direct → Direct"
user_1907,"Email → Email → Email → Email → Email"
user_1909,"Email → Email → Email → Email → Email → Email → Direct → Direct → Email → Email → Email"
user_1910,"Email → Email → Google → Google → Google → Google → Google"
user_1912,"Google → Google → Google → Google → Google → Google → Google"
user_1913,"Direct → Direct → Google → Google → Google → Google → Google → Google → Social Media → Social Media → Google → Google → Email → Email → Email"
user_1921,"Direct → Direct → Direct → Direct → Social Media → Social Media → Direct → Direct → Direct → Direct → Direct → Social Media → Social Media → Social Media → Social Media → Social Media"
user_1922,"Email → Email → Email → Social Media → Social Media → Google → Google → Google → Google → Google → Direct → Direct → Email → Email → Email → Email"
user_1923,"Direct → Direct → Direct → Direct → Direct → Google → Social Media → Google → Direct → Direct → Direct"
user_1925,"Email → Email → Social Media → Social Media → Google → Google → Google → Google → Google"
user_1926,"Google → Google → Google → Google → Google → Google → Google"
user_1929,"Google → Google → Google → Google → Google → Email → Email → Email → Email → Email"
user_1932,"Email → Email → Email → Email → Email"
user_1933,"Direct → Direct → Direct → Direct → Direct → Direct → Direct → Direct → Direct → Direct"
user_1934,"Direct → Direct → Direct → Direct → Direct → Google → Email"
user_1940,"Direct → Direct → Direct → Direct → Direct"
user_1941,"Google → Google → Google → Google → Google → Direct → Direct"
user_1942,"Direct → Direct → Google → Google → Google → Google → Google → Direct → Direct → Direct → Direct → Direct → Social Media → Email → Email → Email → Email → Email"
user_1944,"Google → Social Media → Social Media → Social Media → Social Media → Social Media"
user_1947,"Social Media → Social Media → Social Media → Social Media → Social Media → Direct → Direct → Direct → Direct → Direct"
user_1948,"Direct → Direct → Direct → Direct → Direct → Email → Social Media → Social Media"
user_1954,"Email → Email → Email → Email → Email → Email → Email"
user_1959,"Social Media → Social Media → Google → Google → Google → Google → Google → Email → Email → Direct → Direct → Google → Google → Google"
user_1961,"Email → Google → Google → Google → Google → Google → Social Media → Social Media → Social Media → Social Media → Social Media → Email → Email → Direct → Direct"
user_1962,"Social Media → Social Media → Social Media → Social Media → Social Media → Direct → Direct → Direct → Social Media → Social Media"
user_1966,"Social Media → Social Media → Direct → Direct → Direct → Direct → Direct → Direct → Direct → Direct → Direct → Direct → Google → Google"
user_1967,"Social Media → Social Media → Social Media → Social Media → Social Media → Social Media → Direct → Direct → Google → Google → Google → Google → Google → Google → Google → Direct → Direct"
user_1970,"Social Media → Social Media → Social Media → Social Media → Social Media → Social Media → Social Media"
user_1971,"Direct → Direct → Direct → Direct → Direct → Direct → Email → Direct → Direct → Email"
user_1976,"Google → Google → Google → Google → Google → Social Media → Social Media → Social Media → Social Media → Social Media → Google → Google → Google → Google"
user_1979,"Google → Google → Social Media → Social Media → Social Media → Social Media → Social Media"
user_1984,"Social Media → Direct → Direct → Direct → Direct → Direct"
user_1985,"Email → Google → Google → Google → Google → Google → Google → Google"
user_1987,"Social Media → Social Media → Social Media → Social Media → Social Media → Social Media → Social Media"
user_1991,"Social Media → Social Media → Social Media → Social Media → Social Media → Google → Google → Google → Google → Google → Email → Email"
user_1992,"Social Media → Social Media → Social Media → Social Media → Social Media → Social Media"
user_1993,"Google → Google → Google → Google → Google → Social Media → Social Media"
user_1996,"Google → Google → Google → Google → Google → Email → Email → Google → Google → Google → Google → Google → Email → Email"
user_2004,"Direct → Direct → Google → Google → Google → Google → Google → Social Media → Social Media → Social Media → Social Media → Social Media → Google → Google → Direct → Direct → Google → Google → Direct → Direct → Direct → Email → Email"
user_2007,"Email → Email → Email → Email → Email → Email → Email → Google → Google → Google → Google → Google → Email → Email → Email → Email → Email → Email"
user_2008,"Social Media → Social Media → Social Media → Social Media → Social Media → Social Media → Social Media → Social Media → Google → Google → Social Media"
user_2009,"Social Media → Social Media → Social Media → Social Media → Social Media → Google → Google"
user_2012,"Google → Google → Google → Direct → Direct → Direct → Email → Email → Social Media → Social Media → Social Media → Social Media → Social Media → Email → Email → Email → Email → Email → Social Media → Social Media → Social Media → Social Media → Direct → Direct → Google → Google → Google"
user_2016,"Email → Email → Google → Google → Google → Google → Google → Social Media → Social Media → Social Media → Social Media → Social Media"
user_2018,"Google → Google → Direct → Direct → Google → Google → Google → Google → Google"
user_2020,"Google → Direct → Direct → Direct → Email → Direct → Direct → Direct → Direct → Direct → Direct → Direct → Direct → Direct → Direct → Direct → Direct → Direct"
user_2022,"Social Media → Google → Google → Google → Google → Google → Social Media → Social Media → Social Media → Social Media → Social Media → Google → Google → Social Media → Social Media → Email → Email"
user_2023,"Email → Email → Email → Email → Email → Direct → Direct"
user_2028,"Direct → Google → Google → Google → Google → Google → Email → Email → Email → Email → Email"
user_2037,"Google → Google → Google → Google → Social Media → Social Media → Social Media → Social Media → Social Media"
user_2038,"Social Media → Social Media → Social Media → Social Media → Direct → Direct → Direct → Direct → Direct → Direct"
user_2040,"Social Media → Social Media → Direct → Direct → Email → Email → Email → Email → Email → Social Media → Social Media → Email → Email"
user_2041,"Direct → Direct → Direct → Social Media → Social Media → Social Media → Social Media → Social Media → Social Media"
user_2045,"Email → Social Media → Social Media → Social Media → Social Media → Social Media → Email → Email → Email → Email → Email → Email → Email → Google → Google → Direct → Direct → Social Media → Social Media"
user_2048,"Email → Direct → Direct → Direct → Direct → Direct → Email → Email → Direct → Direct → Google → Google → Email → Email"
user_2052,"Google → Google → Google → Google → Google → Google → Google → Direct → Direct"
user_2053,"Direct → Direct → Social Media → Social Media → Social Media → Social Media → Social Media → Google → Direct → Direct → Direct"
user_2056,"Direct → Direct → Direct → Direct → Direct"
user_2058,"Social Media → Social Media → Social Media → Social Media → Social Media → Google → Google → Google → Google → Google → Social Media → Social Media → Social Media → Social Media → Social Media"
user_2063,"Direct → Social Media → Social Media → Social Media → Social Media → Social Media → Social Media → Social Media"
user_2066,"Email → Email → Email → Email → Email → Google → Email → Email → Email → Email → Email"
user_2069,"Email → Email → Email → Email → Email → Email → Email → Direct"
user_2074,"Social Media → Social Media → Google → Google → Google → Google → Google → Google → Google"
user_2081,"Email → Email → Email → Direct → Direct → Google → Google → Google → Google → Google"
user_2091,"Direct → Direct → Direct → Direct → Direct → Google → Email → Email → Email → Email → Email → Email → Direct → Direct → Email → Email → Email"
user_2092,"Google → Google → Google → Google → Google → Email → Email → Email → Email → Email → Direct → Direct → Direct → Direct → Direct → Social Media → Social Media"
user_2094,"Google → Google → Google → Google → Google → Direct → Direct"
user_2097,"Social Media → Social Media → Email → Email → Email → Email → Email"
user_2102,"Email → Email → Direct → Direct → Google → Google → Google → Google → Google → Social Media → Social Media → Google"
user_2103,"Google → Email → Email → Social Media → Social Media → Social Media → Social Media → Social Media → Social Media → Social Media → Email → Email → Email → Email → Email → Email → Google → Google"
user_2106,"Google → Email → Email → Email → Email → Email"
user_2108,"Google → Google → Social Media → Email → Email → Email → Email → Email → Google → Google → Social Media → Social Media"
user_2110,"Direct → Direct → Direct → Direct → Direct → Direct"
user_2112,"Social Media → Social Media → Direct → Direct → Direct → Direct → Direct → Social Media"
user_2113,"Google → Google → Google → Google → Direct → Direct → Direct → Direct → Direct"
user_2121,"Direct → Direct → Direct → Direct → Direct → Email → Email → Email → Email → Email → Google"
user_2123,"Social Media → Social Media → Social Media → Social Media → Social Media"
user_2126,"Direct → Direct → Direct → Direct → Direct → Email → Email → Direct → Direct → Direct → Direct → Direct → Email"
user_2128,"Social Media → Social Media → Email → Email → Email → Email → Email"
user_2132,"Google → Google → Google → Google → Google → Google → Google → Direct → Direct → Direct → Direct → Direct → Google → Google"
user_2135,"Email → Email → Google → Direct → Direct → Direct → Direct → Direct → Google → Google → Google → Google → Google → Google → Google → Google → Google → Google"
user_2138,"Direct → Direct → Direct → Direct → Direct → Social Media"
user_2143,"Social Media → Social Media → Social Media → Social Media → Social Media → Google"
user_2144,"Google → Google → Google → Google → Google → Social Media → Social Media → Social Media → Social Media → Social Media → Social Media"
user_2145,"Direct → Direct → Direct → Direct → Direct → Direct → Email → Social Media → Social Media"
user_2146,"Google → Google → Google → Google → Google → Direct → Direct → Direct → Direct → Direct → Direct → Direct"
user_2149,"Direct → Direct → Direct → Direct → Direct → Google"
user_2152,"Google → Google → Email → Email → Email → Email → Email"
user_2157,"Email → Email → Email → Email → Email → Direct → Direct → Direct → Direct → Direct"
user_2159,"Social Media → Social Media → Social Media → Social Media → Social Media"
user_2165,"Social Media → Social Media → Social Media → Social Media → Social Media → Social Media → Social Media → Social Media → Social Media → Social Media → Social Media"
user_2168,"Email → Email → Email → Social Media → Social Media → Google → Google → Google → Google → Google → Social Media → Social Media"
user_2170,"Google → Google → Direct → Google → Google → Google → Google → Google → Email"
user_2173,"Email → Google → Google → Google → Google → Google → Social Media → Social Media → Social Media"
user_2175,"Social Media → Social Media → Social Media → Email → Email → Email → Email → Email → Social Media → Social Media → Email → Email → Email"
user_2178,"Social Media → Social Media → Social Media → Social Media → Social Media"
user_2179,"Email → Email → Email → Email → Email → Google → Google → Direct → Direct → Google → Google"
user_2182,"Email → Email → Google → Google → Google → Google → Google → Google → Social Media → Direct → Direct → Email → Email"
user_2183,"Social Media → Social Media → Social Media → Social Media → Social Media"
user_2184,"Email → Email → Email → Email → Email → Google → Email → Email → Social Media → Social Media"
user_2186,"Google → Google → Google → Google → Google"
user_2187,"Direct → Direct → Direct → Direct → Direct → Google → Google → Social Media → Email"
user_2190,"Social Media → Social Media → Direct → Direct → Direct → Direct → Direct"
user_2191,"Direct → Social Media → Social Media → Social Media → Social Media → Social Media → Direct → Direct → Direct → Direct → Direct"
user_2192,"Direct → Direct → Google → Google → Google → Direct → Direct → Direct → Direct → Direct → Email → Email"
user_2194,"Google → Google → Google → Google → Google"
user_2195,"Email → Email → Direct → Direct → Direct → Direct → Direct → Direct → Direct"
user_2198,"Social Media → Social Media → Social Media → Social Media → Social Media → Social Media → Google → Google → Google → Google → Google → Email → Email → Google"
user_2199,"Social Media → Social Media → Social Media → Social Media → Social Media → Direct → Direct"
user_2202,"Direct → Direct → Email → Email → Email → Email → Email → Direct → Direct → Email → Email → Email → Email → Email → Email"
user_2204,"Email → Email → Email → Email → Email → Email → Email → Social Media → Social Media → Social Media → Social Media → Social Media → Social Media → Direct → Direct → Social Media → Social Media"
user_2208,"Social Media → Social Media → Direct → Direct → Social Media → Social Media → Social Media → Social Media → Social Media → Google → Google → Google → Google → Google"
user_2213,"Direct → Direct → Direct → Direct → Direct → Email → Email → Email → Email → Email"
user_2215,"Direct → Direct → Direct → Direct → Direct → Google → Google → Google → Google → Google → Google → Google → Social Media → Social Media → Social Media → Social Media → Social Media → Google → Google"
user_2216,"Email → Email → Social Media → Social Media → Social Media → Email → Email → Email → Email → Email → Google → Google → Google → Google → Google"
user_2218,"Google → Google → Google → Google → Google → Google"
user_2220,"Social Media → Social Media → Google → Google → Google → Google → Google"
user_2222,"Direct → Email → Email → Social Media → Social Media → Social Media → Social Media → Social Media → Email → Email"
user_2223,"Social Media → Google → Google → Google → Google → Google → Email → Email → Google → Google"
user_2224,"Direct → Direct → Direct → Direct → Direct"
user_2230,"Social Media → Social Media → Social Media → Social Media → Social Media → Direct → Direct → Social Media → Social Media → Email → Email → Email → Email → Email"
user_2233,"Email → Email → Email → Email → Email → Email → Email → Email → Email → Email → Direct → Direct"
user_2237,"Direct → Direct → Google → Google → Google → Google → Google"
user_2238,"Social Media → Social Media → Social Media → Social Media → Social Media"
user_2239,"Email → Email → Email → Email → Email → Email → Email → Email → Google → Google"
user_2240,"Email → Email → Email → Email → Email → Google → Google → Google → Google → Google"
user_2243,"Email → Email → Direct → Direct → Direct → Direct → Direct → Google → Google"
user_2244,"Email → Email → Email → Email → Email → Direct → Direct → Direct"
user_2246,"Google → Google → Email → Email → Email → Email → Email"
user_2249,"Social Media → Direct → Direct → Direct → Direct → Direct → Social Media → Social Media"
user_2251,"Email → Email → Email → Email → Email → Google → Google → Google → Google → Google → Google → Google"
user_2255,"Social Media → Social Media → Direct → Social Media → Direct → Direct → Direct → Email → Email → Email → Email → Email → Google → Google"
user_2257,"Email → Direct → Direct → Email → Email → Google → Google → Google → Google → Google"
user_2259,"Email → Email → Email → Email → Email → Email → Email → Email → Email → Email → Email"
user_2262,"Social Media → Social Media → Social Media → Social Media → Social Media → Direct → Direct → Google → Google → Google → Email → Email"
user_2265,"Email → Email → Email → Google → Google → Google → Social Media → Social Media → Social Media → Direct → Direct → Direct → Direct → Direct → Direct → Direct → Direct → Social Media → Social Media → Social Media"
user_2269,"Social Media → Social Media → Social Media → Social Media → Social Media → Google → Google → Email → Email → Email"
user_2270,"Email → Email → Email → Direct → Social Media → Social Media → Social Media → Social Media → Social Media → Social Media → Social Media"
user_2271,"Social Media → Social Media → Direct → Direct → Direct → Direct → Direct → Social Media → Google → Google → Direct → Direct → Direct → Direct → Direct"
user_2272,"Social Media → Social Media → Social Media → Social Media → Social Media → Social Media → Social Media → Social Media → Social Media → Social Media → Social Media → Social Media → Social Media → Social Media"
user_2277,"Google → Google → Google → Google → Google → Direct → Direct"
user_2278,"Google → Google → Google → Google → Google → Direct → Google → Google → Direct → Direct → Direct → Email → Email → Email → Email"
user_2281,"Google → Google → Google → Google → Google"
user_2285,"Social Media → Social Media → Social Media → Social Media → Social Media → Email → Email → Email → Email → Email → Email → Email"
user_2293,"Email → Email → Email → Email → Email → Email → Email"
user_2295,"Direct → Direct → Direct → Direct → Google → Google → Social Media → Social Media → Social Media → Social Media → Social Media → Email"
user_2300,"Social Media → Social Media → Social Media → Social Media → Social Media → Email → Direct → Direct → Direct → Direct → Direct → Social Media → Social Media"
user_2301,"Google → Google → Google → Google → Google → Google → Google → Google → Social Media → Social Media"
user_2302,"Email → Email → Email → Email → Email → Direct → Direct"
user_2303,"Email → Email → Email → Email → Email → Email → Email → Social Media → Social Media"
user_2304,"Email → Email → Email → Email → Email → Direct → Direct"
user_2305,"Email → Direct → Email → Email → Email → Email → Email"
user_2306,"Direct → Direct → Direct → Direct → Direct"
user_2308,"Google → Google → Social Media → Social Media → Social Media → Social Media → Social Media → Social Media → Social Media → Email → Email"
user_2309,"Direct → Direct → Direct → Direct → Direct"
user_2310,"Google → Google → Google → Google → Google → Google → Google"
user_2311,"Email → Email → Email → Email → Email → Email → Email → Direct → Direct"
user_2314,"Google → Google → Google → Google → Google → Social Media → Social Media → Social Media → Google → Google"
user_2316,"Direct → Direct → Direct → Direct → Direct → Social Media → Social Media → Social Media → Social Media → Social Media → Direct"
user_2317,"Google → Google → Google → Google → Social Media → Email → Email → Email → Email → Email → Google → Google → Google"
user_2318,"Google → Google → Email → Email → Email → Email → Email → Social Media → Social Media → Social Media → Social Media → Social Media → Google → Google → Google"
user_2319,"Direct → Direct → Direct → Direct → Direct → Google → Google → Google → Direct → Direct → Direct → Direct → Direct → Social Media → Social Media → Social Media"
user_2324,"Social Media → Social Media → Social Media → Social Media → Social Media → Google → Google → Social Media → Social Media → Social Media → Social Media → Social Media → Direct"
user_2326,"Email → Email → Email → Direct → Direct → Direct → Direct → Direct → Google → Social Media → Social Media"
user_2328,"Email → Email → Email → Email → Email → Social Media → Social Media → Social Media → Social Media"
user_2330,"Social Media → Social Media → Social Media → Social Media → Social Media → Social Media → Social Media → Social Media"
user_2331,"Direct → Google → Google → Google → Google → Google"
user_2332,"Direct → Direct → Direct → Direct → Direct → Social Media"
user_2334,"Email → Email → Social Media → Social Media → Google → Direct → Direct → Direct → Direct → Direct → Direct → Social Media → Social Media"
user_2336,"Google → Google → Google → Google → Google → Direct → Direct → Google → Google → Google → Google → Google"
user_2338,"Google → Google → Google → Google → Google"
user_2339,"Email → Email → Email → Email → Email → Google → Google → Google → Google → Google"
user_2341,"Email → Email → Email → Direct → Direct → Direct → Direct → Direct → Direct → Direct → Direct"
user_2342,"Direct → Direct → Direct → Direct → Direct → Direct → Direct → Direct → Direct → Direct → Direct → Direct → Direct"
user_2343,"Direct → Direct → Direct → Direct → Direct → Email → Google → Google → Direct → Direct"
user_2344,"Email → Email → Email → Email → Email → Email → Email → Google → Google → Google → Google → Google → Email → Email → Social Media → Social Media"
user_2346,"Email → Email → Email → Email → Email → Google"
user_2353,"Direct → Direct → Direct → Direct → Direct → Email"
user_2354,"Google → Google → Google → Google → Direct → Direct → Direct → Direct → Direct"
user_2362,"Email → Email → Email → Email → Email → Google → Google"
user_2364,"Email → Email → Google → Google → Google → Google → Google → Google → Google"
user_2366,"Google → Google → Email → Email → Email → Email → Email → Google → Direct"
user_2367,"Email → Email → Email → Email → Direct → Direct → Direct → Direct → Direct → Direct → Direct → Email → Email"
user_2368,"Email → Email → Google → Google → Google → Social Media → Social Media → Social Media → Social Media → Social Media → Social Media → Social Media"
user_2369,"Google → Google → Google → Google → Google → Email → Email → Email → Google → Google → Google → Google → Google → Social Media → Social Media"
user_2370,"Email → Email → Email → Email → Email → Direct → Direct → Direct → Direct"
user_2374,"Google → Google → Google → Social Media → Social Media → Social Media → Social Media → Social Media → Direct → Direct"
user_2375,"Direct → Direct → Direct → Direct → Direct"
user_2377,"Google → Google → Google → Google → Google → Email → Email → Email → Social Media → Social Media"
user_2381,"Direct → Direct → Direct → Direct → Direct → Direct → Direct → Direct → Direct"
user_2390,"Google → Google → Google → Google → Google → Direct → Direct → Direct → Direct → Direct → Direct → Direct"
user_2391,"Social Media → Social Media → Social Media → Social Media → Social Media → Social Media → Social Media → Social Media → Social Media → Social Media"
user_2393,"Google → Google → Google → Google → Google → Email → Email"
user_2394,"Social Media → Social Media → Google → Google → Google → Social Media → Social Media → Social Media → Social Media → Social Media → Social Media → Social Media"
user_2395,"Social Media → Social Media → Google → Google → Direct → Direct → Direct → Direct → Direct → Direct"
user_2398,"Google → Google → Google → Google → Google → Google → Google → Social Media → Social Media"
user_2399,"Email → Email → Email → Email → Email → Social Media → Social Media → Direct → Direct → Direct → Direct → Direct"
user_2402,"Google → Google → Google → Google → Google → Google → Google → Google → Google → Google → Direct"
user_2404,"Google → Google → Google → Google → Google → Google → Google → Google"
user_2407,"Email → Email → Email → Email → Email"
user_2408,"Social Media → Social Media → Social Media → Social Media → Social Media → Social Media → Email"
user_2410,"Email → Email → Email → Email → Email → Direct → Direct → Direct → Social Media → Social Media → Social Media → Social Media → Social Media → Email → Email → Social Media → Social Media → Social Media → Social Media → Social Media → Direct → Social Media → Social Media → Social Media"
user_2411,"Direct → Direct → Direct → Direct → Direct → Email → Email → Email"
user_2412,"Google → Google → Google → Google → Google → Google"
user_2415,"Social Media → Social Media → Google → Google → Google → Google → Google → Email → Email → Direct → Direct → Direct → Email → Email → Email → Email → Email"
user_2419,"Direct → Direct → Direct → Direct → Direct → Email → Email → Email → Email → Google → Social Media"
user_2426,"Email → Email → Direct → Direct → Direct → Direct → Direct → Direct → Direct → Direct → Direct → Direct → Direct → Email → Email"
user_2428,"Social Media → Social Media → Social Media → Social Media → Social Media"
user_2430,"Google → Google → Direct → Direct → Direct → Direct → Direct → Email → Email"
user_2432,"Email → Email → Email → Email → Email → Direct → Direct → Direct"
user_2435,"Social Media → Social Media → Direct → Direct → Google → Google → Google → Google → Google"
user_2437,"Social Media → Email → Email → Email → Email → Email"
user_2444,"Email → Email → Email → Social Media → Social Media → Google → Google → Google → Google → Google"
user_2445,"Social Media → Social Media → Social Media → Social Media → Social Media"
user_2446,"Direct → Direct → Direct → Email → Email → Email → Email → Email"
user_2449,"Social Media → Direct → Direct → Social Media → Social Media → Social Media → Social Media → Social Media → Social Media → Social Media → Google"
user_2451,"Social Media → Social Media → Social Media → Social Media → Social Media → Google → Google → Email → Email → Email → Email → Email → Email → Email → Email"
user_2455,"Google → Google → Google → Google → Google"
user_2456,"Email → Email → Email → Email → Email → Social Media → Social Media → Google → Google → Google → Google → Google"
user_2458,"Email → Email → Email → Email → Email"
user_2462,"Social Media → Social Media → Social Media → Social Media → Social Media → Email"
user_2463,"Google → Google → Google → Google → Google → Google → Google"
user_2466,"Google → Google → Google → Google → Google → Email → Email → Email → Email"
user_2467,"Social Media → Social Media → Direct → Email → Email → Email → Email → Email"
user_2468,"Direct → Direct → Direct → Direct → Direct → Direct → Direct → Direct → Direct"
user_2469,"Social Media → Social Media → Social Media → Social Media → Social Media → Email"
user_2470,"Email → Email → Google → Google → Google → Google → Google"
user_2473,"Google → Google → Google → Google → Google → Direct → Direct → Direct → Email → Email → Direct → Direct"
user_2474,"Google → Google → Google → Google → Google → Email → Email"
user_2475,"Email → Email → Email → Email → Email → Direct → Direct → Direct → Direct → Direct → Social Media → Social Media → Social Media → Social Media"
user_2476,"Email → Email → Email → Email → Email → Email → Email → Direct → Direct → Direct → Direct → Direct"
user_2481,"Direct → Direct → Direct → Direct → Direct → Google"
user_2486,"Google → Google → Google → Email → Email → Email → Email → Email → Email → Direct"
user_2491,"Google → Google → Google → Google → Google → Direct → Direct → Google → Google → Google → Google → Google → Email → Email → Email"
user_2492,"Social Media → Social Media → Google → Google → Direct → Direct → Direct → Direct → Direct"
user_2495,"Email → Email → Social Media → Social Media → Social Media → Social Media → Social Media → Direct → Direct"
user_2496,"Email → Google → Google → Google → Google → Google"
user_2499,"Social Media → Social Media → Social Media → Direct → Direct → Direct → Direct → Direct"
user_2501,"Social Media → Social Media → Social Media → Social Media → Social Media → Email → Email → Email → Email → Email → Google → Google → Google → Google → Google"
user_2502,"Social Media → Social Media → Social Media → Social Media → Social Media → Direct → Social Media → Social Media → Social Media → Social Media → Social Media → Email → Email → Direct → Social Media → Social Media → Social Media"
user_2503,"Social Media → Google → Google → Google → Google → Google"
user_2509,"Email → Email → Email → Email → Email → Email → Email"
user_2511,"Email → Email → Email → Email → Email → Google → Google → Social Media"
user_2512,"Email → Email → Email → Email → Email → Direct → Direct → Email → Email → Email → Email → Email → Direct → Direct"
user_2515,"Email → Email → Email → Email → Email"
user_2519,"Google → Google → Google → Google → Google → Social Media → Social Media"
user_2521,"Social Media → Social Media → Social Media → Social Media → Social Media → Google → Google → Direct → Direct → Social Media"
user_2524,"Google → Google → Google → Google → Google"
user_2534,"Direct → Direct → Direct → Direct → Direct → Direct → Direct → Direct → Direct → Google → Google"
user_2540,"Email → Email → Google → Direct → Google → Google → Google → Google → Google → Email → Social Media → Social Media → Social Media → Social Media → Social Media → Direct → Direct"
user_2543,"Direct → Email → Email → Social Media → Google → Google → Google → Google → Google → Social Media → Social Media → Social Media → Social Media → Social Media → Google → Email"
user_2545,"Google → Google → Google → Google → Google → Direct → Email → Google"
user_2546,"Social Media → Social Media → Social Media → Social Media → Direct → Direct → Direct → Direct → Direct → Direct"
user_2548,"Direct → Direct → Direct → Direct → Direct → Direct → Direct → Direct"
user_2556,"Email → Email → Email → Email → Email → Email → Google → Google"
user_2557,"Direct → Direct → Direct → Direct → Direct → Google → Google → Google → Google → Google → Google → Google → Google → Google → Google → Google → Google → Google"
user_2560,"Direct → Direct → Direct → Social Media → Social Media → Social Media → Social Media → Social Media → Google"
user_2564,"Email → Direct → Direct → Google → Google → Google → Google → Google → Direct → Direct → Direct → Direct → Direct → Social Media → Social Media"
user_2565,"Email → Email → Direct → Direct → Email → Email → Email → Email → Email → Direct → Direct"
user_2567,"Email → Email → Email → Email → Email"
user_2568,"Direct → Direct → Direct → Direct → Direct → Direct → Direct → Direct → Email → Email → Google → Google → Google"
user_2569,"Social Media → Social Media → Social Media → Social Media → Social Media → Direct → Direct"
user_2574,"Social Media → Social Media → Direct → Direct → Google → Google → Google → Google → Google"
user_2575,"Google → Google → Google → Google → Google → Email → Email"
user_2576,"Email → Email → Google → Google → Google → Google → Google → Email → Email → Email → Direct → Direct"
user_2579,"Direct → Direct → Direct → Direct → Direct → Social Media → Google → Social Media → Social Media → Social Media → Social Media → Social Media"
user_2581,"Social Media → Social Media → Social Media → Social Media → Social Media → Email"
user_2584,"Email → Email → Email → Email → Email → Direct → Direct → Direct → Direct"
user_2588,"Email → Email → Email → Email → Email → Email → Email → Email → Direct"
user_2591,"Email → Email → Email → Email → Email → Social Media → Social Media"
user_2594,"Direct → Direct → Direct → Direct → Direct → Direct → Direct → Email → Email → Email"
user_2595,"Google → Google → Google → Direct → Direct → Direct → Direct → Direct"
user_2597,"Direct → Direct → Direct → Direct → Direct → Social Media → Social Media → Social Media → Social Media → Google → Google → Google → Google → Google"
user_2601,"Google → Google → Google → Google → Google"
user_2604,"Social Media → Social Media → Social Media → Social Media → Social Media → Direct → Direct"
user_2606,"Social Media → Social Media → Social Media → Social Media → Social Media → Direct → Direct"
user_2607,"Direct → Direct → Direct → Direct → Direct → Email → Email → Email → Email → Email → Social Media → Social Media"
user_2608,"Email → Social Media → Social Media → Social Media → Social Media → Social Media"
user_2610,"Email → Email → Social Media → Social Media → Social Media → Direct → Direct → Direct → Direct → Direct → Google"
user_2619,"Social Media → Social Media → Social Media → Social Media → Social Media → Social Media → Direct → Direct → Email"
user_2620,"Direct → Google → Social Media → Social Media → Social Media → Social Media → Social Media → Direct"
user_2621,"Direct → Direct → Social Media → Social Media → Social Media → Social Media → Social Media → Social Media → Social Media → Social Media → Google → Google → Google"
user_2622,"Direct → Direct → Direct → Direct → Direct"
user_2624,"Google → Google → Google → Google → Google → Social Media"
user_2629,"Email → Email → Email → Email → Email → Direct → Direct → Google → Google"
user_2631,"Email → Social Media → Google → Google → Google → Google → Google"
user_2632,"Direct → Direct → Direct → Direct → Direct"
user_2634,"Direct → Social Media → Social Media → Direct → Direct → Direct → Direct → Direct → Social Media → Social Media → Social Media → Direct → Direct"
user_2636,"Email → Email → Email → Email → Email → Email → Email"
user_2637,"Email → Email → Direct → Direct → Direct → Direct → Direct → Direct → Email → Email"
user_2638,"Social Media → Social Media → Social Media → Social Media → Social Media → Email → Email → Email → Email → Email"
user_2639,"Email → Email → Email → Email → Email → Email → Email → Direct → Direct → Direct → Direct → Direct"
user_2644,"Email → Email → Email → Email → Email → Google → Google → Google → Google → Email → Email → Email → Email"
user_2645,"Google → Google → Direct → Direct → Direct → Direct → Direct → Direct → Direct"
user_2648,"Google → Google → Google → Google → Google"
user_2650,"Email → Social Media → Social Media → Social Media → Social Media → Email → Email → Google → Google → Google → Direct → Direct → Direct → Direct → Direct"
user_2653,"Direct → Direct → Email → Email → Email → Email → Email"
user_2656,"Google → Google → Google → Google → Google"
user_2663,"Google → Google → Google → Social Media → Direct → Direct → Google → Google → Google → Google → Google → Social Media → Social Media → Social Media → Social Media → Social Media"
user_2668,"Direct → Direct → Email → Email → Google → Google → Google → Social Media → Social Media → Direct → Direct → Direct → Direct → Direct"
user_2669,"Google → Google → Google → Google → Google → Direct → Direct → Direct"
user_2671,"Email → Email → Google → Google → Google → Google → Google"
user_2672,"Email → Google → Email → Email → Social Media → Social Media → Social Media → Social Media → Social Media → Social Media"
user_2673,"Google → Email → Email → Email → Email → Email → Email → Email → Email"
user_2675,"Email → Email → Google → Google → Google → Google → Direct → Direct → Google → Google → Email → Email → Google → Direct → Direct → Direct → Direct → Direct → Email → Email → Google → Google → Google → Google → Google"
user_2676,"Google → Google → Google → Google → Google → Direct"
user_2677,"Social Media → Social Media → Direct → Direct → Google → Google → Google → Email → Email → Email → Email → Email"
user_2678,"Social Media → Social Media → Social Media → Social Media → Social Media → Social Media → Social Media → Google → Google"
user_2679,"Email → Email → Email → Email → Email → Email → Social Media → Social Media"
user_2683,"Direct → Direct → Direct → Direct → Direct → Google → Google → Google → Google → Google → Google → Google → Google → Direct"
user_2687,"Email → Google → Google → Google → Google → Google"
user_2690,"Email → Email → Email → Email → Email → Google → Direct → Direct → Direct → Direct → Direct"
user_2691,"Email → Email → Email → Email → Direct → Direct → Direct → Direct → Direct → Email → Email → Email → Email → Email → Google → Direct → Direct"
user_2692,"Social Media → Social Media → Social Media → Social Media → Social Media"
user_2697,"Email → Email → Email → Google → Google → Social Media → Email → Email → Google → Google → Direct → Direct → Direct → Direct → Direct"
user_2703,"Email → Email → Google → Google → Direct → Direct → Direct → Direct → Direct → Google → Google → Google → Google"
user_2704,"Social Media → Social Media → Google → Google → Google → Google → Google → Email → Email"
user_2705,"Google → Google → Email → Google → Google → Google → Google → Google → Social Media → Social Media → Social Media → Social Media"
user_2706,"Direct → Direct → Direct → Direct → Direct → Google → Google → Google → Google → Google → Google → Google → Google → Google → Google"
user_2711,"Direct → Direct → Direct → Direct → Direct → Direct → Direct → Social Media → Social Media"
user_2713,"Email → Email → Direct → Google → Google → Google → Google → Google → Google → Google → Social Media → Social Media → Social Media → Social Media → Social Media → Social Media → Direct → Direct → Direct → Direct → Direct"
user_2714,"Email → Email → Direct → Direct → Direct → Direct → Direct"
user_2721,"Social Media → Social Media → Google → Google → Google → Google → Google → Google"
user_2726,"Social Media → Social Media → Social Media → Direct → Direct → Direct → Direct → Direct → Google → Google"
user_2728,"Social Media → Social Media → Google → Google → Google → Google → Google → Direct → Social Media → Social Media"
user_2731,"Direct → Direct → Direct → Direct → Direct"
user_2732,"Direct → Social Media → Social Media → Social Media → Social Media → Social Media → Social Media → Google → Google"
user_2733,"Email → Email → Email → Email → Email → Email → Email"
user_2734,"Google → Google → Google → Google → Google → Social Media"
user_2739,"Email → Email → Google → Direct → Direct → Direct → Direct → Direct"
user_2747,"Social Media → Social Media → Social Media → Social Media → Social Media → Social Media → Social Media → Direct → Direct → Google → Google"
user_2752,"Direct → Direct → Direct → Direct → Direct → Direct → Direct → Direct → Direct → Email → Email → Email → Email → Email → Email"
user_2753,"Social Media → Social Media → Direct → Direct → Google → Google → Google → Google → Google"
user_2756,"Google → Google → Google → Direct → Direct → Direct → Direct → Direct → Direct"
user_2764,"Email → Email → Email → Email → Email → Social Media → Social Media → Email → Email → Direct"
user_2766,"Email → Email → Email → Email → Email → Google → Google → Google → Google → Google"
user_2767,"Direct → Google → Google → Google → Google → Google → Social Media"
user_2770,"Email → Email → Email → Email → Email → Direct → Direct → Direct → Direct → Direct → Google → Google → Google → Email → Email → Email → Email → Email"
user_2772,"Direct → Direct → Direct → Direct → Direct"
user_2774,"Social Media → Direct → Direct → Direct → Direct → Direct → Direct → Direct → Direct → Google → Google → Google → Email → Email"
user_2775,"Email → Email → Email → Email → Email → Direct → Direct → Direct → Direct → Direct → Google"
user_2778,"Social Media → Social Media → Social Media → Social Media → Social Media → Social Media → Social Media → Social Media → Social Media → Email → Email"
user_2782,"Social Media → Social Media → Social Media → Social Media → Social Media → Social Media → Social Media → Social Media → Social Media → Social Media → Social Media → Social Media"
user_2784,"Social Media → Social Media → Social Media → Social Media → Social Media → Direct → Social Media → Social Media → Social Media → Social Media → Social Media → Direct → Direct → Google → Google → Google → Google → Google"
user_2787,"Google → Google → Google → Google → Google → Social Media → Social Media → Direct → Direct → Direct → Direct → Direct"
user_2789,"Google → Google → Social Media → Social Media → Direct → Direct → Email → Email → Email → Email → Email → Email → Email"
user_2790,"Google → Social Media → Email → Email → Email → Email → Email → Direct → Direct → Direct → Direct → Direct → Direct → Direct → Direct → Direct → Direct"
user_2792,"Email → Email → Google → Google → Google → Google → Google → Google → Google"
user_2793,"Google → Google → Google → Google → Google"
user_2795,"Direct → Direct → Direct → Google → Google → Google → Google → Google → Google → Google"
user_2796,"Email → Email → Google → Google → Google → Google → Google → Social Media → Social Media → Social Media → Social Media"
user_2797,"Email → Social Media → Social Media → Social Media → Social Media → Social Media"
user_2799,"Google → Google → Google → Google → Google → Social Media → Social Media → Social Media → Social Media → Social Media"
user_2800,"Google → Google → Social Media → Social Media → Social Media → Social Media → Social Media → Social Media → Social Media"
user_2802,"Google → Social Media → Social Media → Email → Email → Email → Email → Email"
user_2808,"Social Media → Social Media → Social Media → Social Media → Social Media"
user_2809,"Email → Email → Direct → Direct → Direct → Direct → Google → Google → Google → Google → Google"
user_2812,"Direct → Direct → Direct → Direct → Direct → Social Media → Social Media → Email → Email"
user_2820,"Email → Email → Email → Email → Email → Email → Email → Email → Google → Google"
user_2821,"Google → Google → Email → Direct → Direct → Google → Google → Google → Google → Google → Google → Google → Social Media → Social Media → Social Media → Social Media → Social Media"
user_2826,"Google → Google → Social Media → Social Media → Email → Email → Email → Email → Email → Social Media → Social Media → Social Media → Social Media → Social Media → Social Media"
user_2832,"Google → Google → Google → Google → Google"
user_2833,"Email → Email → Email → Email → Email"
user_2835,"Email → Email → Email → Email → Email → Email → Email → Email → Email → Email"
user_2837,"Email → Direct → Email → Email → Email → Email → Email → Direct → Direct → Direct → Email → Email → Google → Google → Google → Google"
user_2838,"Google → Google → Social Media → Social Media → Social Media → Social Media → Social Media → Social Media"
user_2839,"Google → Google → Google → Google → Google → Google"
user_2840,"Google → Google → Direct → Direct → Direct → Google → Google → Google → Google → Google"
user_2845,"Email → Email → Email → Email → Email"
user_2846,"Social Media → Google → Direct → Direct → Google → Google → Google → Google → Google → Google → Google"
user_2850,"Google → Google → Google → Google → Google → Direct → Direct → Social Media → Social Media → Social Media → Social Media → Social Media → Social Media → Social Media"
user_2851,"Email → Email → Email → Email → Email → Direct → Social Media → Social Media → Social Media → Social Media → Social Media → Social Media → Social Media"
user_2853,"Google → Direct → Direct → Direct → Direct → Direct → Social Media → Social Media → Social Media → Social Media → Social Media → Social Media"
user_2857,"Email → Email → Social Media → Social Media → Direct → Direct → Direct → Direct → Direct"
user_2859,"Email → Email → Email → Email → Email → Email"
user_2860,"Email → Email → Email → Email → Email → Email → Email → Email → Email → Email → Google → Google → Google → Google → Google → Google → Google → Google → Google → Email → Email → Google → Google"
user_2862,"Social Media → Social Media → Social Media → Google → Google → Direct → Direct → Email → Direct → Direct → Direct → Direct → Direct → Direct → Direct"
user_2863,"Email → Email → Email → Email → Email"
user_2866,"Social Media → Social Media → Google → Direct → Direct → Direct → Direct → Direct → Email → Email → Social Media → Social Media → Social Media → Social Media → Social Media"
user_2867,"Social Media → Social Media → Social Media → Social Media → Google → Google → Google → Google → Google → Google → Google → Google → Google → Google"
user_2868,"Direct → Direct → Google → Google → Google → Google → Google → Social Media → Social Media"
user_2870,"Google → Google → Google → Google → Google → Google → Google → Email"
user_2872,"Email → Email → Google → Google → Google → Google → Google → Direct → Social Media → Social Media → Social Media"
user_2874,"Google → Google → Direct → Direct → Social Media → Social Media → Social Media → Social Media → Direct → Direct → Direct → Direct → Direct → Direct"
user_2877,"Google → Google → Email → Social Media → Social Media → Google → Google → Google → Google → Google → Direct → Direct"
user_2879,"Social Media → Social Media → Social Media → Social Media → Social Media"
user_2880,"Google → Google → Google → Google → Google → Google → Google"
user_2883,"Email → Email → Direct → Direct → Direct → Direct → Google → Google → Google → Google → Google"
user_2886,"Direct → Social Media → Social Media → Social Media → Social Media → Social Media"
user_2887,"Direct → Direct → Direct → Direct → Direct → Email → Email → Email → Email → Email → Social Media → Social Media"
user_2888,"Direct → Direct → Direct → Direct → Direct → Email → Email → Email → Email → Google"
user_2889,"Email → Email → Email → Email → Email → Direct → Direct → Direct"
user_2892,"Google → Google → Email → Email → Email → Email → Email → Google → Social Media → Social Media → Direct → Direct"
user_2895,"Social Media → Social Media → Social Media → Social Media → Social Media → Google → Social Media → Social Media → Social Media → Direct → Direct → Social Media → Social Media"
user_2901,"Social Media → Social Media → Social Media → Social Media → Social Media → Google → Social Media → Social Media"
user_2903,"Email → Email → Google → Google → Google → Google → Google → Google → Google → Google"
user_2904,"Direct → Direct → Direct → Direct → Direct → Email → Email → Email → Email"
user_2912,"Social Media → Social Media → Social Media → Social Media → Direct → Direct → Direct → Direct → Direct"
user_2916,"Direct → Direct → Direct → Direct → Direct"
user_2917,"Email → Email → Email → Email → Email → Google → Google → Google → Google → Google → Direct → Social Media → Social Media"
user_2919,"Google → Google → Google → Google → Google → Google → Google"
user_2926,"Direct → Direct → Direct → Social Media → Social Media → Social Media → Social Media → Social Media → Social Media → Social Media → Google"
user_2931,"Social Media → Google → Google → Google → Google → Google"
user_2932,"Social Media → Social Media → Direct → Direct → Direct → Direct → Direct"
user_2934,"Social Media → Social Media → Social Media → Social Media → Social Media → Social Media → Social Media → Social Media → Social Media"
user_2939,"Social Media → Social Media → Social Media → Social Media → Social Media → Social Media → Social Media"
user_2943,"Email → Email → Email → Email → Email"
user_2947,"Email → Email → Email → Email → Email"
user_2948,"Social Media → Social Media → Social Media → Social Media → Social Media → Social Media → Social Media → Google → Google → Direct → Direct → Direct → Direct → Direct → Direct → Google"
user_2951,"Direct → Direct → Email → Google → Google → Google → Google → Google"
user_2955,"Social Media → Social Media → Social Media → Social Media → Direct → Direct → Direct → Direct → Direct → Google → Google → Google → Google → Google"
user_2956,"Social Media → Email → Email → Social Media → Social Media → Social Media → Social Media → Social Media"
user_2957,"Direct → Direct → Direct → Direct → Direct → Direct → Direct → Direct → Direct → Direct → Social Media → Social Media → Google → Google → Google"
user_2959,"Email → Email → Email → Email → Email → Email"
user_2963,"Google → Google → Email → Email → Google → Google → Social Media → Google → Google → Google → Google → Google"
user_2964,"Email → Email → Email → Email → Email → Email → Email → Email → Email → Email → Direct → Direct"
user_2967,"Google → Google → Google → Google → Google → Social Media → Social Media → Social Media"
user_2968,"Social Media → Direct → Direct → Direct → Direct → Direct → Direct"
user_2972,"Social Media → Social Media → Social Media → Social Media → Google → Google → Google → Google → Google → Social Media"
user_2982,"Email → Email → Email → Email → Email → Google → Google → Google → Google → Google → Email → Email → Email → Email → Email → Email"
user_2985,"Direct → Google → Google → Google → Google → Social Media → Social Media → Social Media → Social Media → Social Media → Social Media → Direct → Google → Google → Google → Social Media"
user_2987,"Social Media → Google → Google → Google → Google → Google → Email → Email → Email → Email → Google → Email → Email"
user_2989,"Social Media → Social Media → Email → Google → Google → Google → Google → Google"
user_2991,"Google → Google → Email → Email → Email → Email → Email → Social Media → Social Media → Social Media → Social Media → Social Media"
user_2993,"Google → Google → Email → Email → Google → Google → Google → Email → Email → Email → Email → Email"
user_2996,"Social Media → Social Media → Social Media → Social Media → Social Media → Google → Google → Google → Email → Email"
user_2999,"Social Media → Social Media → Social Media → Social Media → Social Media → Social Media → Social Media → Google → Google"
user_3000,"Direct → Direct → Direct → Direct → Direct → Social Media → Social Media → Social Media → Social Media → Social Media → Email → Email → Email → Email → Email"
user_3001,"Google → Google → Social Media → Social Media → Social Media → Social Media → Social Media → Google → Google → Google → Google → Google → Google → Google"
